{
  "video_path": "D:\\New_folder\\deepfake_detection\\deepfake_project\\data\\real\\01__kitchen_pan.mp4",
  "duration": 23.333333333333332,
  "total_frames": 560,
  "fps": 24.0,
  "faces": [
    {
      "track_id": 3,
      "total_blinks": 8,
      "frames_tracked": 548,
      "frames_lost": 1,
      "blink_durations": [
        0.2916666666666667,
        0.125,
        0.125,
        0.375,
        0.2916666666666667,
        0.125
      ],
      "blink_timestamps": [
        1.1666666666666667,
        3.1666666666666665,
        4.125,
        7.708333333333333,
        8.708333333333334,
        12.291666666666666
      ],
      "blink_features": [
        {
          "timestamp": 0.875,
          "duration": 0.2916666666666667,
          "amplitude": 